{
  "urdf": "/home/yinzi/code/reBotArm_control_py/urdf/reBot-DevArm_fixend_description/urdf/reBot-DevArm_fixend.urdf",
  "sign": {
    "1": 1.0,
    "2": 1.0,
    "3": 1.0,
    "4": -1.0,
    "5": 1.0,
    "6": 1.0
  },
  "zero": {
    "1": 0.0,
    "2": 0.029901279207056375,
    "3": -0.40937543857244196,
    "4": -0.7773947727280488,
    "5": -0.4245647589290814,
    "6": 0.0
  },
  "phi": [
    0.1613,
    1.8326027391097376e-05,
    -9.941233971337875e-05,
    0.0038143638911895864,
    0.00034233196346992095,
    1.1294688534711282e-08,
    0.0002448427758071346,
    -2.8753367248292836e-05,
    2.3508669494201636e-06,
    0.00023422335186960475,
    1.3266,
    0.1601347202332242,
    0.00026464422796329545,
    -0.0409000022462605,
    0.002007151151502573,
    -0.0005376092882622974,
    0.03702534612117003,
    -0.0054007698214124655,
    -0.00012394368569718095,
    0.03603080614390225,
    -0.8612560703425376,
    -0.21183803099971915,
    -0.03533205938430134,
    -0.025905814995474286,
    0.0036731813165438165,
    0.005386788250476837,
    0.019368108966266118,
    0.0030930407742515847,
    -0.0013890384949610812,
    0.021121605506017715,
    -1.7012030849771056,
    0.20753322860725343,
    -0.01729251426864032,
    -0.015755718484442044,
    0.002298864932231707,
    0.0018605530889331725,
    0.0031534934371361886,
    0.0009515443049323072,
    -0.0008115888745733393,
    0.003952558888748688,
    -0.040864443672918985,
    -0.00932065154729798,
    0.0004555206776670692,
    0.019984200884298888,
    0.0007690645133481729,
    -6.166518030197021e-07,
    0.0007983971317631778,
    5.011816585899541e-05,
    -5.719563666651065e-09,
    0.00018159262073058624,
    -1.1903744184619205,
    -0.04362159960542051,
    0.0244370815783501,
    -0.021016031860799284,
    0.003842267159243417,
    -3.5072434986101967e-06,
    0.003547034705653397,
    2.1600269648125618e-07,
    6.970490751692995e-07,
    0.0005132037927214556
  ],
  "friction": {
    "2": 1.181640172075624,
    "3": 1.5850000070521755,
    "4": 0.28503586613377285,
    "5": 0.17575475697284212
  },
  "rms": {
    "2": 2.40855125854386,
    "3": 1.637223194604591,
    "4": 1.550035701741866,
    "5": 0.1440338358669742
  }
}