{
  "urdf": "/home/yinzi/code/reBotArm_control_py/urdf/reBot-DevArm_fixend_description/urdf/reBot-DevArm_fixend.urdf",
  "method": "sweep+static, j2/3/4 scale",
  "sign": {
    "1": 1.0,
    "2": -1.0,
    "3": -1.0,
    "4": -1.0,
    "5": 1.0,
    "6": 1.0
  },
  "zero": {
    "1": 0.0,
    "2": -0.020010123899368626,
    "3": 0.02916935409802186,
    "4": 0.032894179108610366,
    "5": 0.036092569611546436,
    "6": 0.0
  },
  "torque_scale": {
    "2": 1.2963056752710298,
    "3": 1.459643783584269,
    "4": 1.097567971509563,
    "5": 1.2043402761059898
  },
  "friction": {
    "2": 1.471261442415194,
    "3": 1.545948254285275,
    "4": 0.3087166909333642,
    "5": 0.13459235472236156
  },
  "note": " | j5 zero/scale fitted from j4-pitched sweep 20260630."
}